ORDERNUMBER,QUANTITYORDERED,PRICEEACH,ORDERLINENUMBER,,
10107,30,95.7,2,,
10121,34,81.35,5,,
10134,41,94.74,2,,
10145,45,83.26,6,,
10159,49,100,14,,
10168,36,96.66,1,,
,,,,,
,,,,,
,,,,,
,,,,,
,,,,,
,,,,,
,,,,,
,,,,,
,,,,,
,,,,,
,,,,,
,,,,,
,,,,,
,,,,,
,,,,,
,,,,,
,,,,,
,,,,,
,,,,,
,,,,,
,,,,,
,,,,,
,,,,,
,,,,,
,,,,,
,,,,,
,,,,,
,,,,,
,,,,,
,,,,,
,,,,,
,,,,,
,,,,,
,,,,,
,,,,,
,,,,,
,,,,,
,,,,,
,,,,,
,,,,,
,,,,,
,,,,,
,,,,,
,,,,,
,,,,,
,,,,,
,,,,,
,,,,,
,,,,,
,,,,,
,,,,,
,,,,,
,,,,,
,,,,,
,,,,,
,,,,,
,,,,,
,,,,,
,,,,,
,,,,,
,,,,,
,,,,,
,,,,,
,,,,,
,,,,,
,,,,,
,,,,,
,,,,,
,,,,,
,,,,,
,,,,,
,,,,,
,,,,,
,,,,,
,,,,,
,,,,,
,,,,,
,,,,,
,,,,,
,,,,,
,,,,,
,,,,,
,,,,,
,,,,,
,,,,,
,,,,,
,,,,,
,,,,,
,,,,,
,,,,,
,,,,,
,,,,,
,,,,,
,,,,,
,,,,,
,,,,,
,,,,,
,,,,,
,,,,,
,,,,,
,,,,,
,,,,,
,,,,,
,,,,,
,,,,,
,,,,,
,,,,,
,,,,,
,,,,,
,,,,,
,,,,,
,,,,,
,,,,,
,,,,,
,,,,,
,,,,,
,,,,,
,,,,,
,,,,,
,,,,,
,,,,,
,,,,,
,,,,,
,,,,,
,,,,,
,,,,,
,,,,,
,,,,,
,,,,,
,,,,,
,,,,,
,,,,,
,,,,,
,,,,,
,,,,,
,,,,,
,,,,,
,,,,,
,,,,,
,,,,,
,,,,,
,,,,,
,,,,,
,,,,,
,,,,,
,,,,,
,,,,,
,,,,,
,,,,,
,,,,,
,,,,,
,,,,,
,,,,,
,,,,,
,,,,,
,,,,,
,,,,,
,,,,,
,,,,,
,,,,,
,,,,,
,,,,,
,,,,,
,,,,,
,,,,,
,,,,,
,,,,,
,,,,,
,,,,,
,,,,,
,,,,,
,,,,,
,,,,,
,,,,,
,,,,,
,,,,,
,,,,,
,,,,,
,,,,,
,,,,,
,,,,,
,,,,,
,,,,,
,,,,,
,,,,,
,,,,,
,,,,,
,,,,,
,,,,,
,,,,,
,,,,,
,,,,,
,,,,,
,,,,,
,,,,,
,,,,,
,,,,,
,,,,,
,,,,,
,,,,,
,,,,,
,,,,,
,,,,,
,,,,,
,,,,,
,,,,,
,,,,,
,,,,,
,,,,,
,,,,,
,,,,,
,,,,,
,,,,,
,,,,,
,,,,,
,,,,,
,,,,,
,,,,,
,,,,,
,,,,,
,,,,,
,,,,,
,,,,,
,,,,,
,,,,,
,,,,,
,,,,,
,,,,,
,,,,,
,,,,,
,,,,,
,,,,,
,,,,,
,,,,,
,,,,,
,,,,,
,,,,,
,,,,,
,,,,,
,,,,,
,,,,,
,,,,,
,,,,,
,,,,,
,,,,,
,,,,,
,,,,,
,,,,,
,,,,,
,,,,,
,,,,,
,,,,,
,,,,,
,,,,,
,,,,,
,,,,,
,,,,,
,,,,,
,,,,,
,,,,,
,,,,,
,,,,,
,,,,,
,,,,,
,,,,,
,,,,,
,,,,,
,,,,,
,,,,,
,,,,,
,,,,,
,,,,,
,,,,,
,,,,,
,,,,,
,,,,,
,,,,,
,,,,,
,,,,,
,,,,,
,,,,,
,,,,,
,,,,,
,,,,,
,,,,,
,,,,,
,,,,,
,,,,,
,,,,,
,,,,,
,,,,,
,,,,,
,,,,,
,,,,,
,,,,,
,,,,,
,,,,,
,,,,,
,,,,,
,,,,,
,,,,,
,,,,,
,,,,,
,,,,,
,,,,,
,,,,,
,,,,,
,,,,,
,,,,,
,,,,,
,,,,,
,,,,,
,,,,,
,,,,,
,,,,,
,,,,,
,,,,,
,,,,,
,,,,,
,,,,,
,,,,,
,,,,,
,,,,,
,,,,,
,,,,,
,,,,,
,,,,,
,,,,,
,,,,,
,,,,,
,,,,,
,,,,,
,,,,,
,,,,,
,,,,,
,,,,,
,,,,,
,,,,,
,,,,,
,,,,,
,,,,,
,,,,,
,,,,,
,,,,,
,,,,,
,,,,,
,,,,,
,,,,,
,,,,,
,,,,,
,,,,,
,,,,,
,,,,,
,,,,,
,,,,,
,,,,,
,,,,,
,,,,,
,,,,,
,,,,,
,,,,,
,,,,,
,,,,,
,,,,,
,,,,,
,,,,,
,,,,,
,,,,,
,,,,,
,,,,,
,,,,,
,,,,,
,,,,,
,,,,,
,,,,,
,,,,,
,,,,,
,,,,,
,,,,,
,,,,,
,,,,,
,,,,,
,,,,,
,,,,,
,,,,,
,,,,,
,,,,,
,,,,,
,,,,,
,,,,,
,,,,,
,,,,,
,,,,,
,,,,,
,,,,,
,,,,,
,,,,,
,,,,,
,,,,,
,,,,,
,,,,,
,,,,,
,,,,,
,,,,,
,,,,,
,,,,,
,,,,,
,,,,,
,,,,,
,,,,,
,,,,,
,,,,,
,,,,,
,,,,,
,,,,,
,,,,,
,,,,,
,,,,,
,,,,,
,,,,,
,,,,,
,,,,,
,,,,,
,,,,,
,,,,,
,,,,,
,,,,,
,,,,,
,,,,,
,,,,,
,,,,,
,,,,,
,,,,,
,,,,,
,,,,,
,,,,,
,,,,,
,,,,,
,,,,,
,,,,,
,,,,,
,,,,,
,,,,,
,,,,,
,,,,,
,,,,,
,,,,,
,,,,,
,,,,,
,,,,,
,,,,,
,,,,,
,,,,,
,,,,,
,,,,,
,,,,,
,,,,,
,,,,,
,,,,,
,,,,,
,,,,,
,,,,,
,,,,,
,,,,,
,,,,,
,,,,,
,,,,,
,,,,,
,,,,,
,,,,,
,,,,,
,,,,,
,,,,,
,,,,,
,,,,,
,,,,,
,,,,,
,,,,,
,,,,,
,,,,,
,,,,,
,,,,,
,,,,,
,,,,,
,,,,,
,,,,,
,,,,,
,,,,,
,,,,,
,,,,,
,,,,,
,,,,,
,,,,,
,,,,,
,,,,,
,,,,,
,,,,,
,,,,,
,,,,,
,,,,,
,,,,,
,,,,,
,,,,,
,,,,,
,,,,,
,,,,,
,,,,,
,,,,,
,,,,,
,,,,,
,,,,,
,,,,,
,,,,,
,,,,,
,,,,,
,,,,,
,,,,,
,,,,,
,,,,,
,,,,,
,,,,,
,,,,,
,,,,,
,,,,,
,,,,,
,,,,,
,,,,,
,,,,,
,,,,,
,,,,,
,,,,,
,,,,,
,,,,,
,,,,,
,,,,,
,,,,,
,,,,,
,,,,,
,,,,,
,,,,,
,,,,,
,,,,,
,,,,,
,,,,,
,,,,,
,,,,,
,,,,,
,,,,,
,,,,,
,,,,,
,,,,,
,,,,,
,,,,,
,,,,,
,,,,,
,,,,,
,,,,,
,,,,,
,,,,,
,,,,,
,,,,,
,,,,,
,,,,,
,,,,,
,,,,,
,,,,,
,,,,,
,,,,,
,,,,,
,,,,,
,,,,,
,,,,,
,,,,,
,,,,,
,,,,,
,,,,,
,,,,,
,,,,,
,,,,,
,,,,,
,,,,,
,,,,,
,,,,,
,,,,,
,,,,,
,,,,,
,,,,,
,,,,,
,,,,,
,,,,,
,,,,,
,,,,,
,,,,,
,,,,,
,,,,,
,,,,,
,,,,,
,,,,,
,,,,,
,,,,,
,,,,,
,,,,,
,,,,,
,,,,,
,,,,,
,,,,,
,,,,,
,,,,,
,,,,,
,,,,,
,,,,,
,,,,,
,,,,,
,,,,,
,,,,,
,,,,,
,,,,,
,,,,,
,,,,,
,,,,,
,,,,,
,,,,,
,,,,,
,,,,,
,,,,,
,,,,,
,,,,,
,,,,,
,,,,,
,,,,,
,,,,,
,,,,,
,,,,,
,,,,,
10278,29,100,5,,
10287,24,100,3,,
10301,47,100,7,,
10310,24,100,1,,
10321,25,100,9,,
10331,30,32.47,8,,
10342,22,100,3,,
10356,27,64.69,2,,
10366,34,100,3,,
10377,36,100,6,,
10390,34,43.05,15,,
10406,48,100,2,,
10419,34,100,4,,
10104,24,100,8,,
10115,46,100,4,,
10127,45,100,10,,
10141,39,100,4,,
10151,43,100,2,,
10165,29,100,11,,
10176,20,100,10,,
10184,46,100,5,,
10195,27,100,5,,
10207,44,100,6,,
10219,43,100,1,,
10230,49,100,8,,
10246,40,100,4,,
10259,30,100,3,,
10271,50,100,4,,
10282,23,100,13,,
10292,26,100,7,,
10305,27,100,4,,
10314,42,100,13,,
10324,47,100,8,,
10336,49,100,6,,
10349,38,100,8,,
10358,20,100,10,,
10371,25,100,7,,
10382,25,88,5,,
10412,41,100,4,,
10425,28,100,3,,
10100,50,67.8,2,,
10110,32,50.25,6,,
10124,42,53.88,5,,
10149,24,62.36,10,,
10162,27,69.62,8,,
10173,26,57.51,12,,
10182,38,61.15,9,,
10193,42,59.33,13,,
10204,23,71.44,3,,
10214,21,62.96,6,,
10227,28,50.85,9,,
10241,33,72.65,1,,
10280,25,62.96,15,,
10288,28,61.75,4,,
10303,46,49.04,2,,
10312,30,61.15,16,,
10332,38,84.25,9,,
10344,40,56.91,2,,
10367,45,100,4,,
10379,27,49.3,1,,
10407,42,72.65,1,,
10420,36,63.57,4,,
10104,29,100,12,,
10114,39,100,3,,
10127,45,100,14,,
10141,47,100,8,,
10151,49,100,6,,
10165,46,100,15,,
10175,48,100,4,,
10184,46,100,9,,
10195,35,100,9,,
10207,43,100,10,,
10229,26,100,4,,
10246,22,98.18,8,,
10259,34,99.41,7,,
10271,50,100,8,,
10281,48,100,4,,
10292,41,100,11,,
10305,36,100,8,,
10313,29,100,2,,
10324,33,37.48,10,,
10334,46,100,6,,
10349,38,100,7,,
10358,20,36.42,11,,
10370,22,100,5,,
10383,27,100,11,,
10412,56,98.18,8,,
10425,38,99.41,7,,
10101,25,100,4,,
10110,33,100,4,,
10124,42,100,3,,
10149,33,100,8,,
10162,38,100,6,,
10173,31,100,10,,
10182,20,100,7,,
10193,44,100,11,,
10204,26,100,1,,
10214,27,100,4,,
10227,46,100,7,,
10243,47,100,2,,
10280,37,100,13,,
10288,31,100,2,,
10304,24,100,17,,
10312,31,100,14,,
10322,50,100,6,,
10332,35,64.69,8,,
10344,30,100,3,,
10356,29,100,3,,
10367,27,100,5,,
10380,40,100,10,,
10390,31,98.99,16,,
10409,6,100,2,,
10420,45,100,2,,
10103,22,54.09,2,,
10114,45,68.67,6,,
10126,43,65.02,2,,
10140,46,61.99,2,,
10151,39,69.28,9,,
10165,31,71.1,18,,
10175,41,69.28,7,,
10184,44,60.16,12,,
10194,45,70.49,2,,
10207,37,69.89,13,,
10217,35,61.38,2,,
10229,28,59.55,7,,
10246,30,61.99,11,,
10259,30,49.22,10,,
10271,25,69.28,11,,
10281,29,57.73,7,,
10291,26,57.73,2,,
10305,41,53.48,11,,
10313,34,52.87,5,,
10322,35,61.21,11,,
10334,34,61.38,1,,
10347,50,100,8,,
10357,41,61.99,7,,
10370,22,96.86,7,,
10381,35,48.62,7,,
10391,44,38.5,5,,
10412,47,61.99,11,,
10425,19,49.22,10,,
10106,34,90.39,2,,
10120,29,71.81,8,,
10133,49,69.27,3,,
10145,30,85.32,14,,
10168,21,70.96,9,,
10210,50,76.88,7,,
10223,47,100,9,,
10235,24,76.03,3,,
10250,27,98.84,4,,
10263,33,86.17,10,,
10275,35,90.39,9,,
10284,31,71.81,1,,
10297,25,82.79,4,,
10308,27,82.79,7,,
10318,31,100,9,,
10327,45,100,8,,
10339,27,100,2,,
10353,27,100,1,,
10374,42,69.27,2,,
10386,21,74.77,18,,
10398,34,76.88,15,,
10401,42,76.03,3,,
10416,15,98.84,4,,
10107,29,70.87,6,,
10120,46,58.15,4,,
10134,30,61.78,6,,
10145,30,49.67,10,,
10159,42,51.48,18,,
10168,46,61.18,5,,
10180,25,64.2,13,,
10188,32,65.42,5,,
10201,30,64.81,6,,
10210,40,49.67,3,,
10223,28,60.57,5,,
10236,23,55.72,2,,
10251,29,61.18,6,,
10263,34,58.75,6,,
10275,37,63.6,5,,
10285,20,49.06,10,,
10298,32,48.46,2,,
10308,34,52.09,3,,
10318,42,52.7,5,,
10329,38,100,12,,
10339,30,62.16,1,,
10362,23,49.67,3,,
10374,22,53.3,4,,
10389,39,100,5,,
10402,55,55.72,2,,
10417,36,61.18,6,,
10101,26,100,1,,
10110,31,100,1,,
10125,34,100,2,,
10139,41,100,8,,
10149,23,100,5,,
10162,48,100,3,,
10173,22,100,7,,
10182,21,100,4,,
10193,22,100,8,,
10205,40,100,3,,
10214,50,100,1,,
10227,29,100,4,,
10244,43,100,8,,
10255,24,100,1,,
10280,22,100,10,,
10289,43,100,3,,
10304,20,100,14,,
10312,25,100,11,,
10322,36,100,2,,
10332,24,52.67,1,,
10347,21,100,6,,
10356,30,100,1,,
10367,32,94.79,7,,
10380,21,47.18,8,,
10390,26,78.11,7,,
10421,35,100,1,,
10109,26,100,1,,
10123,46,100,3,,
10137,37,100,3,,
10148,27,100,10,,
10161,23,100,9,,
10172,39,100,7,,
10181,27,100,3,,
10192,38,100,8,,
10204,27,100,14,,
10212,40,100,7,,
10226,24,100,5,,
10241,44,100,12,,
10253,37,100,2,,
10266,20,100,3,,
10278,39,100,3,,
10287,44,100,1,,
10301,22,100,5,,
10311,43,100,10,,
10321,27,100,7,,
10331,26,64.9,10,,
10343,25,52.32,3,,
10366,49,100,2,,
10379,29,100,5,,
10407,41,100,12,,
10419,55,100,2,,
10103,27,83.07,12,,
10112,23,100,2,,
10126,31,90.17,12,,
10139,46,100,1,,
10150,47,91.18,9,,
10163,31,100,2,,
10174,46,100,5,,
10183,37,89.15,9,,
10193,28,93.21,1,,
10206,37,90.17,7,,
10215,49,100,4,,
10228,24,100,3,,
10244,30,100,1,,
10257,50,88.14,1,,
10270,31,96.24,10,,
10280,46,100,3,,
10291,47,100,12,,
10304,46,100,7,,
10312,37,100,4,,
10322,33,100,12,,
10333,31,90.17,5,,
10347,48,100,9,,
10357,41,87.13,6,,
10369,42,100,1,,
10381,41,100,8,,
10391,32,45.25,6,,
10423,10,88.14,1,,
10103,35,57.46,14,,
10111,28,64.33,2,,
10126,46,73.7,14,,
10139,20,71.2,3,,
10150,30,49.97,11,,
10163,48,69.96,4,,
10173,28,53.72,2,,
10183,39,68.08,11,,
10193,24,51.84,3,,
10206,28,67.46,9,,
10215,31,58.71,6,,
10228,45,63.71,5,,
10244,24,58.09,3,,
10257,49,53.72,3,,
10269,32,63.08,1,,
10280,43,68.71,5,,
10291,37,50.59,14,,
10304,24,64.96,9,,
10312,35,53.72,6,,
10322,41,29.87,13,,
10332,26,100,17,,
10347,34,64.96,10,,
10357,49,70.58,5,,
10369,28,44.21,6,,
10381,40,68.08,4,,
10392,37,59.96,3,,
10423,31,53.72,3,,
10106,41,83.44,18,,
10119,21,89.46,9,,
10130,40,96.34,2,,
10143,46,74.84,13,,
10155,44,79.14,11,,
10167,46,73.12,7,,
10178,41,81.72,10,,
10186,32,89.46,7,,
10197,46,87.74,4,,
10209,28,100,6,,
10222,49,94.62,10,,
10248,21,73.98,1,,
10262,32,84.3,15,,
10273,34,98.06,2,,
10283,21,98.06,4,,
10296,21,96.34,13,,
10307,31,83.44,7,,
10316,21,94.62,15,,
10327,25,45.86,5,,
10338,28,82.58,3,,
10350,43,64.97,6,,
10373,22,86.74,5,,
10386,37,93.01,5,,
10398,28,72.26,18,,
10400,30,74.84,7,,
10414,44,73.98,1,,
10103,25,100,13,,
10111,43,100,1,,
10126,30,97.39,13,,
10139,20,90.06,2,,
10150,26,100,10,,
10163,40,100,3,,
10173,31,89.01,1,,
10183,22,100,10,,
10193,23,100,2,,
10206,30,100,8,,
10215,49,100,5,,
10228,31,100,4,,
10244,29,100,2,,
10257,37,84.82,2,,
10270,38,100,11,,
10280,29,100,4,,
10291,23,100,13,,
10304,26,85.87,8,,
10312,38,100,5,,
10322,48,47.04,7,,
10332,40,39.8,18,,
10347,45,100,11,,
10357,44,100,4,,
10369,21,94.22,5,,
10381,35,100,5,,
10392,29,86.92,2,,
10423,21,84.82,2,,
10105,22,100,11,,
10117,26,100,5,,
10128,41,100,2,,
10142,47,100,8,,
10153,31,100,7,,
10166,43,100,2,,
10177,23,100,9,,
10185,28,100,9,,
10196,49,100,1,,
10208,24,100,9,,
10221,33,100,3,,
10232,22,100,6,,
10248,32,100,12,,
10273,40,100,13,,
10282,43,100,1,,
10293,24,100,4,,
10306,32,100,9,,
10314,20,100,1,,
10325,24,69.12,9,,
10336,48,100,12,,
10350,44,100,1,,
10372,28,100,3,,
10383,24,61.52,9,,
10396,33,100,2,,
10414,41,100,12,,
10104,23,100,13,,
10109,46,100,5,,
10114,48,100,4,,
10122,25,100,3,,
10127,22,100,15,,
10136,41,100,3,,
10141,34,100,9,,
10148,32,100,14,,
10151,21,100,7,,
10160,20,100,1,,
10165,47,100,16,,
10171,39,100,3,,
10175,29,100,5,,
10181,45,100,7,,
10184,28,100,10,,
10192,26,100,12,,
10195,50,100,10,,
10203,48,100,1,,
10207,25,100,11,,
10212,40,100,11,,
10225,43,100,2,,
10229,22,100,5,,
10239,47,100,1,,
10246,36,100,9,,
10253,40,100,6,,
10259,27,100,8,,
10266,29,100,7,,
10271,20,100,9,,
10278,42,100,7,,
10281,25,100,5,,
10287,36,100,5,,
10292,21,100,12,,
10301,23,100,9,,
10305,37,100,9,,
10310,48,100,3,,
10313,25,100,3,,
10321,33,100,11,,
10324,27,100,12,,
10331,27,100,11,,
10334,20,100,3,,
10342,30,100,4,,
10349,48,100,6,,
10358,32,93.49,12,,
10366,34,100,1,,
10370,27,56.85,9,,
10377,39,100,3,,
10383,47,100,6,,
10394,22,100,5,,
10405,55,100,1,,
10412,60,100,9,,
10419,35,100,6,,
10425,28,100,8,,
10105,38,100,13,,
10117,21,95.8,7,,
10128,41,100,4,,
10142,22,97.81,10,,
10153,29,88.74,9,,
10165,50,100,1,,
10177,29,100,11,,
10185,49,80.67,11,,
10196,35,100,3,,
10208,48,100,11,,
10221,23,80.67,5,,
10232,48,95.8,8,,
10248,42,100,14,,
10273,47,100,15,,
10282,36,100,3,,
10293,22,100,6,,
10306,40,91.76,11,,
10314,23,100,3,,
10326,32,100,6,,
10336,21,100,7,,
10350,41,93.04,2,,
10372,25,84.71,5,,
10383,26,100,12,,
10396,24,89.75,4,,
10414,48,100,14,,
10108,26,68.35,9,,
10122,21,73.17,13,,
10135,45,78,10,,
10147,36,86.04,10,,
10159,21,81.21,5,,
10169,32,70.76,5,,
10181,30,82.82,17,,
10191,36,94.88,6,,
10203,33,86.04,11,,
10211,35,78,5,,
10225,37,95.69,12,,
10238,41,73.17,6,,
10252,20,76.39,2,,
10265,45,86.84,2,,
10276,38,69.96,6,,
10287,43,70.76,15,,
10300,49,78.8,8,,
10310,27,80.41,13,,
10319,46,73.98,1,,
10329,38,59.1,10,,
10342,25,66.74,5,,
10363,46,60.3,10,,
10378,22,100,4,,
10390,40,100,9,,
10103,46,100,16,,
10111,39,100,4,,
10126,38,82.34,16,,
10139,30,100,5,,
10149,42,94.25,2,,
10163,43,100,6,,
10173,29,95.24,4,,
10182,33,86.31,1,,
10193,32,79.37,5,,
10206,28,87.3,11,,
10215,41,100,8,,
10227,33,100,1,,
10244,36,84.33,5,,
10257,26,89.29,5,,
10280,34,100,7,,
10290,26,96.23,2,,
10304,38,100,11,,
10312,33,100,8,,
10323,33,91.27,2,,
10333,46,100,2,,
10347,26,100,12,,
10357,25,100,3,,
10369,45,73.08,4,,
10382,50,100,7,,
10392,36,100,1,,
10423,21,89.29,5,,
10108,29,100,8,,
10122,21,100,12,,
10135,42,100,9,,
10147,37,100,9,,
10159,25,100,4,,
10169,36,100,4,,
10181,22,100,16,,
10191,23,100,5,,
10203,32,100,10,,
10211,28,100,4,,
10225,27,100,11,,
10238,49,100,5,,
10252,41,100,1,,
10265,49,100,1,,
10276,30,100,5,,
10287,40,100,14,,
10300,23,100,7,,
10310,49,100,12,,
10320,25,100,5,,
10330,37,100,3,,
10342,55,100,7,,
10355,23,100,7,,
10363,24,100,11,,
10378,43,96.49,10,,
10390,50,100,1,,
10109,47,100,2,,
10123,34,100,4,,
10137,31,100,4,,
10148,28,100,11,,
10161,36,100,10,,
10172,48,100,8,,
10181,39,100,4,,
10192,45,100,9,,
10204,35,100,15,,
10212,45,100,8,,
10226,46,100,6,,
10240,37,100,1,,
10253,31,100,3,,
10266,33,100,4,,
10278,31,100,4,,
10287,27,100,2,,
10301,39,100,6,,
10311,32,100,11,,
10321,28,100,8,,
10331,26,67.91,12,,
10343,44,84.88,2,,
10367,46,100,6,,
10379,32,70.83,4,,
10406,65,100,1,,
10419,43,100,3,,
10108,43,67.77,12,,
10122,35,49.74,16,,
10135,45,50.36,13,,
10146,47,67.14,2,,
10159,21,64.66,8,,
10169,38,68.39,8,,
10180,21,50.36,3,,
10191,43,72.74,9,,
10211,46,54.09,8,,
10224,38,58.44,1,,
10237,26,52.22,1,,
10252,31,52.84,5,,
10264,48,54.71,3,,
10276,33,50.36,9,,
10286,38,57.2,1,,
10299,39,55.95,3,,
10310,42,67.14,16,,
10319,44,59.06,4,,
10330,29,69.63,2,,
10342,26,55.95,8,,
10355,31,53.47,1,,
10363,32,89.12,12,,
10378,28,100,9,,
10390,36,100,2,,
10403,36,52.22,1,,
10106,41,100,17,,
10119,27,99.52,8,,
10130,33,100,1,,
10143,34,100,12,,
10155,29,100,10,,
10167,34,100,6,,
10178,48,100,9,,
10186,46,100,6,,
10197,22,100,3,,
10209,20,100,5,,
10222,45,85.75,9,,
10249,46,100,5,,
10262,34,100,14,,
10273,50,85.75,1,,
10283,46,100,3,,
10296,22,84.7,12,,
10307,48,86.81,6,,
10316,47,86.81,14,,
10328,34,100,6,,
10338,45,100,2,,
10351,20,100,2,,
10373,50,60.49,6,,
10386,22,57.55,6,,
10398,45,100,17,,
10400,58,100,6,,
10415,51,100,5,,
10104,38,100,3,,
10117,22,100,12,,
10127,25,100,5,,
10142,24,100,15,,
10152,35,100,1,,
10165,28,100,6,,
10176,36,100,5,,
10185,39,100,16,,
10196,27,100,8,,
10207,40,100,1,,
10220,50,100,5,,
10230,42,100,3,,
10247,48,100,5,,
10272,25,100,5,,
10282,31,100,8,,
10292,44,100,2,,
10306,23,100,16,,
10314,29,100,8,,
10324,49,100,13,,
10337,36,100,3,,
10349,34,100,5,,
10358,25,100,13,,
10372,48,100,6,,
10383,38,100,1,,
10394,37,100,1,,
10413,49,100,5,,
10100,22,86.51,4,,
10110,28,89.27,8,,
10124,36,85.59,7,,
10148,34,100,1,,
10162,39,100,10,,
10173,21,75.46,14,,
10182,36,100,11,,
10193,24,97.55,15,,
10204,29,85.59,5,,
10213,38,94.79,1,,
10227,34,100,11,,
10241,42,90.19,3,,
10280,35,100,17,,
10288,35,80.99,6,,
10302,38,89.27,2,,
10311,41,81.91,1,,
10332,50,100,2,,
10344,21,100,4,,
10367,43,62.72,8,,
10380,32,100,1,,
10407,6,90.19,3,,
10420,66,92.95,6,,
10105,41,82.5,10,,
10117,23,97.42,4,,
10128,43,92.16,1,,
10142,24,70.22,7,,
10153,22,83.38,6,,
10166,26,73.73,1,,
10177,35,74.6,8,,
10185,47,77.24,8,,
10197,50,100,14,,
10208,45,87.77,8,,
10221,39,89.53,2,,
10232,23,89.53,5,,
10248,42,75.48,11,,
10261,20,89.53,9,,
10273,33,71.09,12,,
10283,34,100,14,,
10293,49,100,3,,
10306,39,90.4,8,,
10315,36,100,7,,
10326,50,86.01,5,,
10337,29,100,2,,
10350,30,100,3,,
10372,41,86.89,7,,
10383,28,58.58,7,,
10396,45,100,5,,
10414,16,75.48,11,,
10103,36,100,5,,
10114,41,100,9,,
10126,50,100,5,,
10140,40,100,5,,
10150,49,100,2,,
10164,45,100,3,,
10175,47,100,10,,
10183,21,100,2,,
10194,32,100,5,,
10207,47,100,16,,
10217,38,100,5,,
10229,41,100,10,,
10245,21,100,3,,
10259,41,100,13,,
10270,38,100,3,,
10281,25,99.29,10,,
10291,48,100,5,,
10305,22,99.29,14,,
10313,28,100,8,,
10323,47,100,1,,
10334,49,100,4,,
10347,45,100,4,,
10357,28,100,2,,
10370,29,57.53,6,,
10382,39,100,1,,
10411,46,100,3,,
10425,38,100,13,,
10103,41,47.29,9,,
10113,50,49.81,3,,
10126,43,53.83,9,,
10140,29,43.27,9,,
10150,30,42.76,6,,
10164,25,53.83,7,,
10174,49,44.78,2,,
10183,40,49.3,6,,
10194,41,44.78,9,,
10206,21,53.33,4,,
10215,46,45.28,1,,
10229,39,40.25,14,,
10245,45,59.87,7,,
10258,21,59.87,4,,
10270,44,58.36,7,,
10281,44,59.87,14,,
10291,29,51.82,9,,
10304,34,49.3,4,,
10312,39,56.85,1,,
10324,38,100,6,,
10333,24,79.86,8,,
10348,29,100,6,,
10358,30,100,8,,
10370,20,100,2,,
10382,39,100,2,,
10411,35,59.87,7,,
10424,26,59.87,4,,
10108,44,100,11,,
10122,28,100,15,,
10135,31,100,12,,
10146,29,100,1,,
10159,32,100,7,,
10169,33,100,7,,
10180,44,100,2,,
10191,32,100,8,,
10211,41,100,7,,
10225,35,100,14,,
10238,44,100,8,,
10252,26,100,4,,
10264,20,100,2,,
10276,48,100,8,,
10287,34,100,17,,
10299,49,100,2,,
10310,40,100,15,,
10319,45,100,3,,
10330,50,100,4,,
10342,38,100,11,,
10355,25,100,2,,
10363,28,58.18,13,,
10378,49,67.14,8,,
10390,49,100,3,,
10110,42,61.29,9,,
10124,23,57.73,8,,
10148,29,81.25,2,,
10161,25,80.54,1,,
10173,39,71.98,15,,
10182,44,69.84,12,,
10193,25,76.26,16,,
10204,45,76.26,6,,
10213,25,83.39,2,,
10227,37,57.73,12,,
10241,30,66.99,4,,
10267,36,75.55,1,,
10279,26,60.58,1,,
10288,23,73.41,7,,
10302,23,72.7,3,,
10311,25,66.99,2,,
10332,21,100,3,,
10344,26,63.43,5,,
10367,44,85.25,9,,
10380,24,100,2,,
10407,66,66.99,4,,
10420,36,57.73,7,,
10110,36,85.25,13,,
10124,22,77.9,12,,
10148,25,60.26,6,,
10161,37,72.76,5,,
10172,32,75.69,3,,
10182,47,74.22,16,,
10192,37,69.82,4,,
10204,20,62.47,10,,
10212,41,82.31,3,,
10226,21,60.26,1,,
10241,22,76.43,8,,
10267,40,80.1,5,,
10279,32,74.96,5,,
10288,36,66.14,11,,
10301,27,72.02,1,,
10311,26,87.45,6,,
10321,30,70.55,3,,
10332,23,56.84,4,,
10344,29,59.53,7,,
10367,21,60.37,10,,
10380,34,100,3,,
10407,26,76.43,8,,
10420,60,64.67,11,,
10104,35,55.49,6,,
10115,47,69.36,2,,
10127,20,60.69,8,,
10141,20,54.33,2,,
10152,25,65.31,4,,
10165,25,69.36,9,,
10176,27,68.78,8,,
10184,31,60.11,3,,
10195,44,66.47,3,,
10207,49,46.82,4,,
10220,26,56.07,8,,
10230,36,54.33,6,,
10246,44,52.6,2,,
10259,28,46.82,1,,
10271,45,64.74,2,,
10282,29,46.82,11,,
10292,40,53.75,5,,
10305,45,61.85,2,,
10314,44,53.18,11,,
10324,25,69.16,14,,
10336,45,100,4,,
10349,48,47.4,4,,
10358,44,60.76,14,,
10371,25,97.27,12,,
10383,22,91.76,2,,
10394,31,50.29,2,,
10412,21,52.6,2,,
10425,55,46.82,1,,
10107,25,100,3,,
10120,35,98.05,1,,
10134,35,93.54,3,,
10145,43,95.8,7,,
10159,44,100,15,,
10168,50,100,2,,
10180,48,100,10,,
10188,25,100,2,,
10201,39,100,3,,
10211,25,90.16,15,,
10223,32,91.29,2,,
10237,20,100,8,,
10251,26,100,3,,
10263,42,100,3,,
10275,21,100,2,,
10285,34,100,7,,
10299,47,100,10,,
10309,21,100,6,,
10318,48,100,2,,
10329,30,87.78,7,,
10339,27,84.39,10,,
10362,50,96.92,2,,
10374,38,100,6,,
10389,45,100,1,,
10403,46,100,8,,
10417,35,100,3,,
10110,29,59.37,15,,
10123,50,59.87,1,,
10137,26,49.81,1,,
10148,47,56.85,8,,
10161,23,53.33,7,,
10172,34,42.76,5,,
10181,34,53.83,1,,
10192,47,53.83,6,,
10204,45,49.81,12,,
10212,45,53.33,5,,
10226,36,43.27,3,,
10241,21,40.25,10,,
10266,28,48.3,1,,
10278,35,45.28,1,,
10288,50,52.32,13,,
10301,22,51.32,3,,
10311,45,49.3,8,,
10321,48,42.26,5,,
10332,20,87.96,5,,
10343,27,36.21,6,,
10367,38,38.5,11,,
10379,32,100,3,,
10407,64,40.25,10,,
10420,37,60.37,13,,
10106,28,88.63,4,,
10120,39,100,10,,
10133,41,94.1,5,,
10145,40,87.54,16,,
10168,49,100,11,,
10210,27,98.48,9,,
10223,34,100,11,,
10235,23,96.29,5,,
10250,31,88.63,6,,
10262,34,97.38,1,,
10275,25,95.2,11,,
10284,22,100,3,,
10297,32,100,6,,
10308,31,100,9,,
10316,25,100,1,,
10328,47,87.54,14,,
10339,21,50.65,7,,
10353,28,71.73,2,,
10374,46,94.1,3,,
10386,33,41.71,11,,
10398,43,100,16,,
10401,38,96.29,5,,
10416,47,88.63,6,,
10101,45,31.2,3,,
10110,20,35.51,3,,
10124,45,37.84,2,,
10149,36,33.19,7,,
10162,37,27.22,5,,
10173,31,31.53,9,,
10182,39,36.84,6,,
10193,26,29.21,10,,
10205,32,37.17,5,,
10214,20,34.19,3,,
10227,42,29.21,6,,
10243,33,29.54,1,,
10280,20,28.88,12,,
10288,29,38.17,1,,
10304,23,30.2,16,,
10312,39,29.54,13,,
10322,20,100,3,,
10332,45,81.91,6,,
10344,20,35.18,6,,
10356,48,100,5,,
10367,23,36.29,13,,
10380,32,70.56,4,,
10391,33,100,8,,
10409,61,29.54,1,,
10420,45,26.88,1,,
10107,38,83.03,7,,
10120,34,83.79,5,,
10134,43,83.03,7,,
10145,47,83.03,11,,
10158,22,67.03,1,,
10168,29,75.41,6,,
10180,28,68.55,14,,
10188,40,91.4,6,,
10201,25,73.88,7,,
10210,30,61.7,4,,
10223,38,69.31,6,,
10236,36,87.6,3,,
10250,32,87.6,1,,
10263,37,62.46,7,,
10275,30,79.98,6,,
10285,39,70.08,11,,
10297,32,65.51,1,,
10308,47,63.22,4,,
10318,26,86.83,6,,
10329,37,94.43,4,,
10340,55,79.98,8,,
10363,21,100,8,,
10375,23,100,9,,
10389,49,81.4,2,,
10402,59,87.6,3,,
10416,32,87.6,1,,
10105,43,100,9,,
10117,41,100,3,,
10129,45,100,9,,
10142,33,100,6,,
10153,40,100,5,,
10167,33,100,16,,
10177,50,100,7,,
10185,30,100,7,,
10197,41,100,13,,
10208,35,100,7,,
10221,49,100,1,,
10232,46,100,4,,
10248,48,100,10,,
10261,36,100,8,,
10273,22,100,11,,
10283,42,100,13,,
10293,21,100,2,,
10306,29,100,7,,
10315,35,100,6,,
10326,41,100,4,,
10337,29,71.97,4,,
10350,34,50.33,7,,
10372,37,100,8,,
10384,28,80.54,3,,
10396,49,100,6,,
10414,23,100,10,,
10101,46,53.76,2,,
10110,39,44.35,2,,
10124,22,45.25,1,,
10149,49,49.28,6,,
10162,43,36.29,4,,
10173,27,41.22,8,,
10182,31,36.74,5,,
10193,20,50.62,9,,
10205,24,38.08,4,,
10214,49,47.94,2,,
10227,24,48.38,5,,
10244,39,45.25,9,,
10255,37,45.7,2,,
10280,45,47.49,11,,
10289,45,48.38,4,,
10304,44,39.42,15,,
10312,23,37.63,12,,
10322,30,100,4,,
10332,26,85.52,10,,
10345,43,53.76,1,,
10356,26,31.86,7,,
10367,28,30.59,12,,
10380,27,68.35,5,,
10391,24,100,1,,
10421,40,45.7,2,,
10103,36,100,1,,
10114,21,100,5,,
10126,27,100,1,,
10140,47,100,1,,
10151,42,100,8,,
10165,32,100,17,,
10175,28,100,6,,
10184,24,100,11,,
10194,49,100,1,,
10207,46,100,12,,
10217,28,100,1,,
10229,48,100,6,,
10246,29,100,10,,
10259,47,100,9,,
10271,43,100,10,,
10281,25,100,6,,
10291,48,100,1,,
10305,24,100,10,,
10313,42,100,4,,
10324,31,100,2,,
10334,42,100,5,,
10348,37,100,1,,
10358,41,100,7,,
10371,20,100,5,,
10382,20,100,3,,
10412,70,100,10,,
10425,49,100,9,,
10108,35,58.87,15,,
10121,32,76.88,2,,
10135,29,61.64,16,,
10145,27,60.95,3,,
10159,27,80.34,11,,
10169,38,74.11,11,,
10180,35,72.03,6,,
10190,42,76.19,3,,
10211,21,63.72,11,,
10224,37,80.34,4,,
10237,26,79.65,4,,
10252,47,65.8,8,,
10264,37,65.1,6,,
10276,46,75.49,12,,
10285,38,59.56,3,,
10299,33,66.49,6,,
10309,24,56.1,2,,
10319,31,81.73,7,,
10330,42,81.03,1,,
10341,32,100,6,,
10355,41,70.65,3,,
10363,43,61.23,14,,
10375,20,100,14,,
10390,35,65.13,4,,
10403,27,79.65,4,,
10110,43,78.15,11,,
10124,32,72.7,10,,
10148,21,73.6,4,,
10161,20,100,3,,
10172,22,74.51,1,,
10182,36,73.6,14,,
10192,46,83.6,2,,
10204,47,96.32,8,,
10212,45,88.14,1,,
10227,47,88.14,14,,
10241,47,94.5,6,,
10267,38,87.24,3,,
10279,49,79.97,3,,
10288,35,80.87,9,,
10302,49,100,5,,
10311,28,93.6,4,,
10321,30,72.7,1,,
10332,39,86.72,7,,
10346,25,100,1,,
10368,40,100,2,,
10380,36,37.5,6,,
10407,76,94.5,6,,
10420,39,100,9,,
10104,44,39.6,10,,
10114,24,30.06,1,,
10127,39,38.19,12,,
10141,21,42.43,6,,
10151,30,40.31,4,,
10165,27,31.82,13,,
10175,37,31.12,2,,
10184,42,31.82,7,,
10195,32,28.29,7,,
10207,42,29.7,8,,
10219,21,40.31,3,,
10229,33,32.88,2,,
10246,49,36.07,6,,
10259,31,33.24,5,,
10271,38,41.72,6,,
10281,20,40.66,2,,
10292,39,30.06,9,,
10305,48,31.47,6,,
10314,39,37.13,15,,
10324,30,100,9,,
10335,33,37.13,2,,
10349,36,37.13,3,,
10358,36,82.94,4,,
10371,45,100,8,,
10383,40,100,3,,
10394,46,38.9,6,,
10412,30,36.07,6,,
10425,31,33.24,5,,
10106,49,74.68,13,,
10119,41,59.6,4,,
10131,35,67.14,5,,
10143,27,60.97,8,,
10155,23,72.62,6,,
10167,21,69.88,2,,
10178,34,80.84,5,,
10186,22,69.2,2,,
10198,48,67.82,5,,
10209,43,82.21,1,,
10222,32,81.53,5,,
10249,20,67.82,1,,
10262,24,67.14,10,,
10274,40,65.08,2,,
10284,30,73.99,12,,
10296,21,71.25,8,,
10307,25,75.36,2,,
10316,34,63.71,10,,
10328,48,58.92,1,,
10339,55,100,12,,
10351,25,74.68,5,,
10373,38,70.44,7,,
10386,39,55.96,1,,
10398,28,57.55,3,,
10400,24,61.66,2,,
10415,21,67.82,1,,
10110,46,100,10,,
10124,25,93.95,9,,
10148,34,100,3,,
10161,25,100,2,,
10173,23,100,16,,
10182,20,100,13,,
10192,23,100,1,,
10204,42,100,7,,
10213,27,100,3,,
10227,33,100,13,,
10241,28,98.65,5,,
10267,43,100,2,,
10279,48,100,2,,
10288,48,100,8,,
10302,45,100,4,,
10311,43,100,3,,
10332,44,42.26,11,,
10346,24,87.24,5,,
10368,31,100,5,,
10380,44,36.29,7,,
10407,59,98.65,5,,
10420,55,96.3,8,,
10109,29,32.1,6,,
10122,39,30.96,4,,
10135,20,35.87,1,,
10147,25,42.67,1,,
10160,42,37,2,,
10171,36,35.49,4,,
10181,37,42.67,8,,
10192,30,30.59,13,,
10203,21,37,2,,
10212,34,43.42,12,,
10225,42,36.63,3,,
10239,20,44.56,2,,
10253,40,42.67,7,,
10266,34,40.4,8,,
10278,31,38.89,8,,
10287,36,39.65,6,,
10301,48,34.36,10,,
10310,33,41.91,4,,
10321,37,33.23,12,,
10331,27,42.24,13,,
10342,39,40.4,9,,
10355,36,38.52,4,,
10367,36,100,2,,
10378,41,100,7,,
10390,37,100,5,,
10405,47,44.56,2,,
10419,15,42.67,7,,
10105,44,72.58,4,,
10119,35,87.62,13,,
10129,41,94.71,4,,
10142,49,98.25,1,,
10154,31,91.17,2,,
10167,20,79.66,11,,
10177,45,72.58,2,,
10185,33,74.35,2,,
10197,47,83.2,8,,
10208,20,89.4,2,,
10222,47,70.81,14,,
10233,40,94.71,2,,
10248,30,100,5,,
10261,22,91.17,3,,
10273,27,100,6,,
10283,34,92.94,8,,
10295,46,84.97,3,,
10306,31,84.08,2,,
10315,24,86.74,1,,
10326,41,85.85,3,,
10339,55,100,13,,
10350,30,100,9,,
10373,33,57.32,12,,
10384,43,97.87,2,,
10396,27,83.2,7,,
10414,60,100,5,,
10110,27,73.62,12,,
10124,49,83.04,11,,
10148,31,73.62,5,,
10161,20,77.05,4,,
10172,24,81.33,2,,
10182,33,94.17,15,,
10192,32,72.77,3,,
10204,40,79.62,9,,
10212,27,79.62,2,,
10227,40,79.62,15,,
10241,26,81.33,7,,
10267,44,96.74,4,,
10279,33,71.06,4,,
10288,34,68.49,10,,
10302,48,74.48,6,,
10311,25,83.04,5,,
10321,39,84.75,2,,
10332,45,34.19,12,,
10346,24,100,2,,
10368,46,79.62,1,,
10380,44,79.06,9,,
10407,13,81.33,7,,
10420,35,96.74,10,,
10108,30,63.07,5,,
10122,34,50.21,9,,
10135,27,66.13,6,,
10147,30,68.58,6,,
10159,50,69.8,1,,
10169,34,50.21,1,,
10181,23,65.52,13,,
10191,48,60.01,2,,
10203,34,64.9,7,,
10211,48,48.98,1,,
10225,24,50.21,8,,
10238,47,62.45,2,,
10253,24,52.66,12,,
10266,47,62.45,13,,
10276,20,61.23,2,,
10287,20,67.97,11,,
10300,31,58.78,4,,
10310,38,56.94,9,,
10320,26,61.23,2,,
10331,25,100,9,,
10342,48,62.45,10,,
10355,44,62.45,6,,
10363,21,100,15,,
10378,46,41.54,6,,
10390,46,52.84,6,,
10419,55,52.66,12,,
10106,31,52.6,14,,
10119,20,72.98,5,,
10131,29,59.18,6,,
10143,33,77.59,9,,
10155,34,55.89,7,,
10167,32,63.12,3,,
10178,27,73.64,6,,
10186,21,69.04,3,,
10198,27,71.67,6,,
10209,36,77.59,2,,
10222,43,70.35,6,,
10249,25,69.7,2,,
10262,46,70.35,11,,
10274,24,72.33,3,,
10284,39,71.67,13,,
10296,31,53.92,9,,
10307,22,71.67,3,,
10316,47,76.93,11,,
10328,20,72.98,2,,
10339,29,99.69,14,,
10351,38,68.38,4,,
10361,34,100,6,,
10373,46,66,11,,
10386,35,63.76,9,,
10398,34,71.67,13,,
10400,38,57.2,3,,
10415,18,69.7,2,,
10110,37,100,14,,
10124,43,100,13,,
10148,27,100,7,,
10161,30,100,6,,
10172,22,98.51,4,,
10182,49,100,17,,
10192,46,100,5,,
10204,48,91.02,11,,
10212,46,87.81,4,,
10226,48,92.09,2,,
10241,27,86.73,9,,
10267,43,100,6,,
10279,48,100,6,,
10288,41,100,12,,
10301,22,96.37,2,,
10311,46,92.09,7,,
10321,21,89.95,4,,
10332,31,37.18,13,,
10346,26,95.88,6,,
10368,20,99.58,4,,
10380,34,100,11,,
10407,43,86.73,9,,
10420,26,100,12,,
10105,50,79.67,1,,
10119,35,90.57,10,,
10129,50,77.99,1,,
10143,23,80.51,14,,
10155,37,67.93,12,,
10167,29,83.86,8,,
10178,21,72.12,11,,
10186,36,85.54,8,,
10197,22,86.38,5,,
10209,22,89.73,7,,
10222,46,80.51,11,,
10248,23,76.31,2,,
10262,49,87.21,16,,
10273,48,83.02,3,,
10283,33,72.96,5,,
10296,22,77.15,14,,
10307,22,91.41,8,,
10316,25,92.25,16,,
10326,20,92.25,2,,
10339,42,59.36,16,,
10350,25,60.34,10,,
10373,23,100,10,,
10385,37,85.54,2,,
10396,37,90.57,8,,
10400,42,72.96,8,,
10414,51,76.31,2,,
10108,40,100,1,,
10122,43,100,5,,
10135,47,100,2,,
10147,23,100,2,,
10160,35,100,3,,
10170,34,100,1,,
10181,25,100,9,,
10192,45,100,14,,
10203,47,100,3,,
10212,49,100,13,,
10225,40,100,4,,
10239,29,100,3,,
10253,39,100,8,,
10266,24,100,9,,
10278,25,100,9,,
10287,36,100,7,,
10301,50,100,11,,
10310,45,100,5,,
10321,26,100,13,,
10331,21,100,1,,
10342,42,100,6,,
10355,32,100,8,,
10363,31,94.58,1,,
10378,33,53.27,3,,
10390,45,100,8,,
10405,76,100,3,,
10419,70,100,8,,
10106,50,64.83,11,,
10119,28,70.29,2,,
10131,50,81.89,3,,
10143,28,66.19,6,,
10155,44,77.11,4,,
10168,27,73.02,18,,
10178,30,72.33,3,,
10198,43,66.19,3,,
10210,29,69.6,16,,
10222,48,56.64,3,,
10235,33,60.05,12,,
10250,40,75.06,13,,
10262,48,61.42,8,,
10275,41,81.89,18,,
10284,21,55.96,10,,
10296,32,71.65,6,,
10308,43,76.43,16,,
10316,30,77.79,8,,
10328,35,76.43,3,,
10339,45,96.92,11,,
10351,34,59.37,3,,
10361,26,100,7,,
10373,39,73,13,,
10386,41,73.32,12,,
10398,41,68.24,2,,
10401,64,60.05,12,,
10416,18,75.06,13,,
10100,49,34.47,1,,
10110,48,34.47,5,,
10124,46,33.23,4,,
10149,26,38.98,9,,
10162,37,38.98,7,,
10173,35,33.23,11,,
10182,23,42.26,8,,
10193,22,41.03,12,,
10204,39,33.23,2,,
10214,44,34.88,5,,
10227,27,43.9,8,,
10242,46,36.93,1,,
10280,33,41.85,14,,
10288,33,40.62,3,,
10303,24,40.21,1,,
10312,31,35.29,15,,
10332,41,77.24,14,,
10346,22,97.44,4,,
10368,46,37.34,3,,
10380,43,95.03,12,,
10408,15,36.93,1,,
10420,15,43.49,3,,
10104,26,100,5,,
10115,44,100,1,,
10127,20,96.99,7,,
10141,40,94.62,1,,
10152,23,100,3,,
10165,24,99.36,8,,
10176,29,100,7,,
10184,49,100,2,,
10195,34,100,2,,
10207,28,100,3,,
10220,37,100,7,,
10230,45,100,5,,
10246,46,100,1,,
10271,22,100,1,,
10282,39,100,10,,
10292,27,100,4,,
10305,36,100,1,,
10314,38,100,10,,
10325,44,100,5,,
10336,31,100,5,,
10349,23,100,2,,
10359,22,100,7,,
10371,28,50.32,9,,
10383,21,93.91,4,,
10394,37,100,7,,
10412,31,100,1,,
10103,25,100,15,,
10111,26,86.68,3,,
10126,34,100,15,,
10139,29,100,4,,
10149,20,90.57,1,,
10163,42,91.55,5,,
10173,22,100,3,,
10183,47,100,12,,
10193,20,100,4,,
10206,33,97.39,10,,
10215,39,90.57,7,,
10228,33,100,6,,
10244,40,86.68,4,,
10257,46,78.89,4,,
10269,48,97.39,2,,
10280,21,78.89,6,,
10290,45,100,1,,
10304,33,100,10,,
10312,44,100,7,,
10324,33,100,3,,
10333,39,100,1,,
10348,39,50.31,2,,
10358,41,100,6,,
10369,40,86.92,3,,
10382,33,100,4,,
10423,28,78.89,4,,
10106,26,63.76,3,,
10120,29,85.49,9,,
10133,46,77.52,4,,
10145,33,84.77,15,,
10168,48,78.25,10,,
10210,40,71,8,,
10223,23,74.62,10,,
10235,40,81.14,4,,
10250,37,74.62,5,,
10263,24,75.35,11,,
10275,27,62.31,10,,
10284,21,71,2,,
10297,23,72.45,5,,
10308,44,83.32,8,,
10317,35,83.32,1,,
10328,43,60.86,4,,
10340,40,84.77,1,,
10353,35,89.9,3,,
10361,25,62.46,1,,
10375,43,100,2,,
10386,50,63.34,8,,
10398,45,78.25,14,,
10401,52,81.14,4,,
10416,48,74.62,5,,
10108,31,68.71,10,,
10122,29,71.14,14,,
10135,23,87.31,11,,
10147,31,64.67,11,,
10159,23,67.1,6,,
10169,24,94.58,6,,
10180,28,71.14,1,,
10191,44,66.29,7,,
10211,22,92.16,6,,
10225,46,70.33,13,,
10238,22,93.77,7,,
10252,38,87.31,3,,
10264,47,83.27,1,,
10276,48,75.18,7,,
10287,40,88.12,16,,
10299,32,80.84,1,,
10310,49,97.01,14,,
10319,43,85.69,2,,
10331,41,100,2,,
10343,30,100,1,,
10355,28,95.39,9,,
10363,43,100,9,,
10378,41,100,2,,
10390,30,82.42,10,,
10103,31,100,3,,
10114,32,100,7,,
10126,43,96.31,3,,
10140,26,100,3,,
10151,27,100,10,,
10164,24,100,1,,
10175,22,100,8,,
10184,46,100,13,,
10194,37,97.27,3,,
10207,49,80.9,14,,
10217,21,100,3,,
10229,25,100,8,,
10245,37,100,1,,
10259,45,86.68,11,,
10270,32,85.72,1,,
10281,29,82.83,8,,
10291,26,83.79,3,,
10305,28,100,12,,
10313,27,87.64,6,,
10324,20,98.18,11,,
10335,44,100,1,,
10348,42,100,3,,
10358,41,100,1,,
10371,26,100,1,,
10382,26,100,6,,
10411,26,100,1,,
10425,41,86.68,11,,
10107,20,92.9,8,,
10120,22,100,6,,
10133,23,100,1,,
10145,33,93.9,12,,
10168,28,100,7,,
10188,44,98.89,7,,
10210,46,79.91,5,,
10223,21,100,7,,
10235,41,100,1,,
10250,31,100,2,,
10263,31,79.91,8,,
10275,23,81.91,7,,
10285,37,98.89,12,,
10297,26,100,2,,
10308,24,79.91,5,,
10318,47,100,7,,
10329,45,63.91,11,,
10340,55,100,2,,
10353,46,81.17,5,,
10363,50,100,2,,
10375,37,100,3,,
10387,44,94.9,1,,
10401,49,100,1,,
10416,45,100,2,,
10108,27,43.45,13,,
10122,31,44.66,17,,
10135,33,40.23,14,,
10145,31,35.8,1,,
10159,35,35.4,9,,
10169,26,39.83,9,,
10180,34,45.46,4,,
10190,46,32.99,1,,
10211,41,42.24,9,,
10224,43,39.43,2,,
10237,26,40.23,2,,
10252,36,48.28,6,,
10264,20,32.59,4,,
10276,27,36.61,10,,
10285,37,41.03,1,,
10299,24,42.24,4,,
10310,36,43.05,17,,
10319,29,38.22,5,,
10331,28,100,3,,
10343,29,100,5,,
10355,38,39.83,10,,
10364,48,48.28,1,,
10378,40,82.46,1,,
10390,41,44.56,11,,
10403,30,40.23,2,,
10104,35,47.62,11,,
10114,28,55.73,2,,
10127,45,51.95,13,,
10141,24,45.99,7,,
10151,41,63.85,5,,
10165,48,45.99,14,,
10175,50,63.31,3,,
10184,33,62.77,8,,
10195,32,43.29,8,,
10207,27,60.06,9,,
10219,35,55.19,4,,
10229,23,54.11,3,,
10246,35,48.7,7,,
10259,40,43.83,6,,
10271,35,47.62,7,,
10281,31,55.19,3,,
10292,50,46.53,10,,
10305,40,57.9,7,,
10313,38,45.45,1,,
10325,38,100,3,,
10335,40,60.6,3,,
10349,33,46.53,1,,
10359,36,100,3,,
10371,20,66.47,2,,
10383,32,53.18,5,,
10394,36,62.77,3,,
10412,19,48.7,7,,
10425,11,43.83,6,,
10104,49,65.87,4,,
10116,27,63.38,1,,
10127,29,70.84,6,,
10142,42,74.57,16,,
10152,33,50.95,2,,
10165,44,53.44,7,,
10176,22,64,6,,
10184,48,50.95,1,,
10195,33,54.68,1,,
10207,45,56.55,2,,
10220,20,52.82,6,,
10230,46,60.9,4,,
10247,40,49.71,6,,
10272,45,64.63,6,,
10282,36,59.65,9,,
10292,31,67.73,3,,
10306,46,50.33,17,,
10314,35,66.49,9,,
10325,28,100,2,,
10336,31,84.71,9,,
10350,27,100,14,,
10359,22,100,1,,
10371,30,99.55,11,,
10383,44,36.07,8,,
10394,30,60.28,4,,
10413,24,49.71,6,,
10103,45,75.63,7,,
10113,23,68.52,1,,
10126,26,62.7,7,,
10140,28,60.76,7,,
10150,49,58.18,4,,
10164,49,54.94,5,,
10175,29,74.98,12,,
10183,49,64.64,4,,
10194,39,54.94,7,,
10206,36,58.82,2,,
10217,39,62.05,7,,
10229,30,73.04,12,,
10245,44,69.16,5,,
10258,20,61.41,2,,
10270,21,63.35,5,,
10281,36,77.57,12,,
10291,32,71.75,7,,
10304,36,73.04,2,,
10313,34,56.24,10,,
10324,48,100,4,,
10333,33,73.69,4,,
10348,31,100,5,,
10358,36,100,2,,
10370,25,100,3,,
10382,48,100,8,,
10411,27,69.16,5,,
10424,44,61.41,2,,
10106,33,72.92,5,,
10120,29,72.23,11,,
10133,49,57.1,6,,
10144,20,81.86,1,,
10168,31,73.61,12,,
10210,39,59.16,10,,
10223,20,66.04,12,,
10235,34,77.73,6,,
10250,50,61.22,7,,
10262,40,79.11,2,,
10275,28,63.97,12,,
10284,50,81.86,4,,
10297,28,79.8,7,,
10308,46,66.04,10,,
10316,24,59.16,2,,
10328,24,81.17,5,,
10340,39,59.16,3,,
10353,40,44.51,7,,
10361,49,72.33,2,,
10375,44,82.26,4,,
10388,35,100,8,,
10398,22,67.41,4,,
10401,62,77.73,6,,
10416,26,61.22,7,,
10108,31,100,16,,
10121,25,86.74,3,,
10135,30,89.8,17,,
10145,27,100,4,,
10159,23,100,12,,
10169,34,100,12,,
10180,22,100,7,,
10190,42,85.72,4,,
10211,37,100,12,,
10224,30,100,5,,
10237,27,100,5,,
10252,25,100,9,,
10264,34,97.97,7,,
10276,38,100,13,,
10285,26,100,4,,
10299,38,100,7,,
10309,50,84.7,3,,
10319,22,100,8,,
10331,32,100,4,,
10341,31,71.02,4,,
10355,40,100,5,,
10365,22,100,3,,
10375,41,100,15,,
10390,45,48.98,12,,
10403,45,100,5,,
10106,39,40.15,6,,
10120,49,50.62,12,,
10133,27,50.19,7,,
10143,34,36.66,1,,
10156,20,41.02,1,,
10168,48,51.93,13,,
10199,29,38.4,1,,
10210,43,41.02,11,,
10223,41,46.26,13,,
10235,41,35.35,7,,
10250,36,51.93,8,,
10262,49,37.97,3,,
10275,38,45.39,13,,
10284,33,51.93,5,,
10296,26,48.44,1,,
10308,47,43.64,11,,
10316,34,47.57,3,,
10328,34,51.93,7,,
10340,40,50.62,4,,
10353,40,82.21,8,,
10361,33,82.59,3,,
10375,49,65.8,5,,
10388,27,100,1,,
10398,49,36.66,5,,
10401,56,35.35,7,,
10416,37,51.93,8,,
10104,33,100,7,,
10115,27,100,3,,
10127,46,100,9,,
10141,44,100,3,,
10151,26,100,1,,
10165,48,94.92,10,,
10176,23,100,9,,
10184,45,100,4,,
10195,49,100,4,,
10207,28,94.92,5,,
10220,37,100,9,,
10230,34,100,7,,
10246,22,100,3,,
10259,29,100,2,,
10271,34,98.39,3,,
10282,38,100,12,,
10292,41,100,6,,
10305,42,100,3,,
10314,28,100,12,,
10325,38,100,4,,
10336,23,100,8,,
10350,31,71.4,8,,
10359,46,100,2,,
10371,48,56.55,10,,
10383,29,100,13,,
10395,46,100,4,,
10412,26,100,3,,
10425,18,100,2,,
10104,32,53.31,2,,
10117,21,49.21,11,,
10127,46,69.12,4,,
10142,42,49.79,14,,
10153,31,57.41,13,,
10165,38,66.78,5,,
10176,38,64.44,4,,
10185,20,48.62,15,,
10196,46,62.09,7,,
10208,30,65.61,15,,
10220,30,68.54,4,,
10230,43,52.14,2,,
10247,49,63.85,4,,
10272,43,56.82,4,,
10282,37,66.78,7,,
10292,35,55.07,1,,
10306,34,60.34,15,,
10314,38,61.51,7,,
10325,44,100,7,,
10337,21,100,6,,
10350,44,100,17,,
10359,25,64.93,4,,
10372,24,58.58,9,,
10383,38,60.06,10,,
10395,45,100,3,,
10413,51,63.85,4,,
10108,34,82.99,14,,
10121,44,74.85,1,,
10135,44,96,15,,
10145,38,81.36,2,,
10159,31,71.6,10,,
10169,48,80.55,10,,
10180,21,93.56,5,,
10190,40,66.72,2,,
10211,40,80.55,10,,
10224,50,77.29,3,,
10237,20,68.34,3,,
10252,48,72.41,7,,
10264,47,89.5,5,,
10276,21,70.78,11,,
10285,39,78.92,2,,
10299,44,80.55,5,,
10309,28,88.68,1,,
10319,45,77.29,6,,
10331,20,100,5,,
10341,38,100,3,,
10356,26,100,4,,
10365,44,100,2,,
10375,49,100,8,,
10390,22,100,13,,
10403,31,68.34,3,,
10105,41,70.67,5,,
10119,25,76.67,14,,
10129,31,60,5,,
10142,41,64,2,,
10153,43,64.67,1,,
10167,43,75.34,12,,
10177,24,76,3,,
10185,21,54,3,,
10197,23,64.67,9,,
10208,38,74.67,3,,
10222,31,62.67,15,,
10233,36,70.67,3,,
10248,36,71.34,6,,
10261,34,62,4,,
10273,21,65.34,7,,
10283,45,78.67,9,,
10295,26,75.34,4,,
10306,50,54,3,,
10315,41,62,2,,
10326,39,60,1,,
10339,22,100,5,,
10350,46,76.67,11,,
10373,44,100,14,,
10385,25,77.34,1,,
10396,39,66.67,1,,
10414,37,71.34,6,,
10106,31,100,7,,
10120,47,82.21,13,,
10133,24,77.64,8,,
10143,36,100,2,,
10156,48,100,2,,
10168,28,98.65,14,,
10199,48,83.12,2,,
10210,21,78.55,12,,
10223,25,100,14,,
10235,25,100,8,,
10250,31,91.34,9,,
10262,40,84.03,4,,
10275,32,89.51,14,,
10284,24,83.12,6,,
10296,42,100,2,,
10308,21,100,12,,
10316,34,82.21,4,,
10328,27,100,8,,
10340,30,88.6,5,,
10353,39,100,9,,
10361,20,60.54,4,,
10375,37,81.87,6,,
10388,46,100,2,,
10398,47,87.69,6,,
10401,11,100,8,,
10416,23,91.34,9,,
10105,29,70.15,12,,
10117,38,79.68,6,,
10128,32,97,3,,
10142,43,84.01,9,,
10153,31,87.48,8,,
10166,29,100,3,,
10177,31,88.34,10,,
10185,30,94.4,10,,
10196,50,94.4,2,,
10208,40,80.55,10,,
10221,23,97,4,,
10232,26,88.34,7,,
10248,40,100,13,,
10273,21,100,14,,
10282,43,86.61,2,,
10293,29,71.89,5,,
10306,38,91.81,10,,
10314,23,76.22,2,,
10327,20,100,7,,
10337,36,70.3,9,,
10350,28,100,4,,
10372,44,100,2,,
10384,49,100,1,,
10397,32,80.55,5,,
10414,34,100,13,,
10106,30,100,16,,
10119,29,94.14,7,,
10131,22,85.99,8,,
10143,26,100,11,,
10155,32,91.43,9,,
10167,29,100,5,,
10178,34,96.86,8,,
10186,24,99.57,5,,
10197,24,90.52,2,,
10209,33,88.71,4,,
10222,26,100,8,,
10249,40,95.95,4,,
10262,44,94.14,13,,
10274,24,90.52,5,,
10283,20,94.14,2,,
10296,34,100,11,,
10307,34,97.76,5,,
10316,45,93.24,13,,
10328,41,100,9,,
10339,55,71.25,15,,
10352,23,100,3,,
10361,24,45.39,14,,
10373,32,84.41,15,,
10386,29,85.76,13,,
10398,36,100,7,,
10400,46,87.8,5,,
10415,32,95.95,4,,
10106,34,100,9,,
10120,24,100,15,,
10131,40,100,1,,
10143,26,82.77,4,,
10155,20,100,2,,
10168,31,100,16,,
10178,22,87.75,1,,
10198,42,100,1,,
10210,26,99.72,14,,
10222,37,87.75,1,,
10235,38,88.75,10,,
10250,35,100,11,,
10262,33,90.75,6,,
10275,39,100,16,,
10284,45,100,8,,
10296,24,100,4,,
10308,35,88.75,14,,
10316,23,100,6,,
10328,37,100,10,,
10340,55,87.75,7,,
10352,49,100,2,,
10361,26,100,9,,
10375,33,100,1,,
10386,37,83.84,14,,
10398,22,86.76,8,,
10401,85,88.75,10,,
10416,22,100,11,,
10105,31,65.77,3,,
10119,38,65.77,12,,
10129,45,85.29,3,,
10143,31,85.29,16,,
10154,36,64.33,1,,
10167,46,70.11,10,,
10177,32,76.62,1,,
10185,39,57.82,1,,
10197,50,78.79,7,,
10208,46,74.45,1,,
10222,36,80.95,13,,
10233,29,82.4,1,,
10248,32,75.89,4,,
10261,44,68.67,2,,
10273,42,62.16,5,,
10283,47,65.77,7,,
10295,44,58.55,2,,
10306,43,75.17,1,,
10316,48,74.45,18,,
10327,21,96.31,1,,
10339,50,74.35,9,,
10350,29,75.35,12,,
10373,41,70.33,16,,
10386,37,100,10,,
10397,22,66.5,4,,
10414,31,75.89,4,,
10103,42,100,6,,
10114,42,100,10,,
10126,45,100,6,,
10140,36,100,6,,
10150,20,100,3,,
10164,39,81.93,4,,
10175,42,85.98,11,,
10183,23,86.99,3,,
10194,26,89.01,6,,
10206,33,100,1,,
10217,31,88,6,,
10229,50,100,11,,
10245,44,100,4,,
10258,45,80.92,1,,
10270,46,88,4,,
10281,27,85.98,11,,
10291,28,100,6,,
10304,40,100,1,,
10313,30,99.13,9,,
10324,34,100,5,,
10336,46,100,2,,
10348,32,82.83,7,,
10358,27,100,3,,
10371,34,100,3,,
10382,34,54.84,9,,
10411,34,100,4,,
10424,46,80.92,1,,
10106,32,100,1,,
10120,24,100,7,,
10133,27,99.67,2,,
10145,20,100,13,,
10168,36,100,8,,
10188,29,100,8,,
10210,25,100,6,,
10223,29,100,8,,
10235,25,96.11,2,,
10250,44,100,3,,
10263,47,100,9,,
10275,48,100,8,,
10285,45,100,13,,
10297,35,100,3,,
10308,31,100,6,,
10318,50,100,8,,
10328,33,100,11,,
10340,29,100,6,,
10353,48,68.8,4,,
10361,44,72.42,5,,
10375,25,66.73,10,,
10388,50,100,3,,
10398,23,100,9,,
10401,21,96.11,2,,
10416,41,100,3,,
10106,44,74.4,8,,
10120,43,76,14,,
10143,28,96,3,,
10155,43,86.4,1,,
10168,48,96,15,,
10199,38,82.4,3,,
10210,31,86.4,13,,
10223,26,67.2,15,,
10235,32,92,9,,
10250,44,67.2,10,,
10262,27,76,5,,
10275,43,73.6,15,,
10284,25,69.6,7,,
10296,22,80.8,3,,
10308,21,87.2,13,,
10316,48,75.2,5,,
10328,33,64,13,,
10341,34,100,5,,
10353,43,81.95,6,,
10361,44,100,10,,
10375,44,100,11,,
10386,32,94.34,17,,
10398,29,65.6,10,,
10401,77,92,9,,
10416,39,67.2,10,,
10105,39,81.14,6,,
10118,36,100,1,,
10129,42,91.15,6,,
10142,21,100,3,,
10153,50,88.15,2,,
10167,24,100,13,,
10177,44,92.16,4,,
10185,37,100,4,,
10197,27,92.16,10,,
10208,37,100,4,,
10222,38,100,16,,
10232,48,96.16,1,,
10248,30,100,7,,
10261,25,88.15,5,,
10273,40,86.15,8,,
10283,22,88.15,10,,
10295,34,100,5,,
10306,32,90.15,4,,
10315,31,86.15,3,,
10327,43,80,2,,
10337,31,89.38,1,,
10350,31,77.34,13,,
10373,34,96.34,2,,
10386,45,92.08,2,,
10397,48,100,3,,
10414,28,100,7,,
10105,22,100,7,,
10117,45,83.42,1,,
10129,30,85.41,7,,
10142,38,85.41,4,,
10153,20,100,3,,
10167,28,100,14,,
10177,24,100,5,,
10185,22,79.45,5,,
10197,35,93.35,11,,
10208,33,85.41,5,,
10222,31,95.34,17,,
10232,35,82.43,2,,
10248,35,90.37,8,,
10261,50,81.43,6,,
10273,26,100,9,,
10283,38,89.38,11,,
10294,45,100,1,,
10306,30,100,5,,
10315,37,91.37,4,,
10327,37,86.61,3,,
10337,36,71.89,7,,
10350,25,100,16,,
10373,37,100,8,,
10386,30,95.48,3,,
10397,36,100,2,,
10414,27,90.37,8,,
10106,48,61.44,10,,
10119,26,59.22,1,,
10131,26,85.13,2,,
10143,34,85.87,5,,
10155,44,85.87,3,,
10168,39,82.91,17,,
10178,45,76.25,2,,
10198,40,63.67,2,,
10210,42,70.33,15,,
10222,43,74.03,2,,
10235,34,72.55,11,,
10250,38,62.19,12,,
10262,35,71.07,7,,
10275,31,72.55,17,,
10284,32,64.41,9,,
10296,47,86.62,5,,
10308,39,68.11,15,,
10316,44,62.19,7,,
10328,39,85.87,12,,
10339,50,57.86,8,,
10352,22,75.51,1,,
10361,35,100,11,,
10373,45,55.62,17,,
10386,44,86.4,15,,
10398,36,87.36,12,,
10401,28,72.55,11,,
10416,43,62.19,12,,
10106,48,52.64,15,,
10119,28,48.17,6,,
10131,21,41.71,7,,
10143,37,50.65,10,,
10155,34,49.16,8,,
10167,40,41.71,4,,
10178,45,51.15,7,,
10186,28,52.14,4,,
10197,29,41.71,1,,
10209,48,44.69,3,,
10222,31,45.69,7,,
10249,32,57.61,3,,
10262,21,57.11,12,,
10274,32,58.6,4,,
10283,43,57.61,1,,
10296,21,45.19,10,,
10307,34,53.63,4,,
10316,34,43.7,12,,
10329,44,86.13,8,,
10339,27,76.31,6,,
10352,49,52.64,4,,
10361,23,95.2,12,,
10373,25,64.97,9,,
10386,50,87.15,16,,
10398,34,40.22,1,,
10400,20,56.12,4,,
10415,42,57.61,3,,
10105,25,56.78,8,,
10117,50,43.68,2,,
10129,32,64.97,8,,
10142,39,44.23,5,,
10153,50,60.06,4,,
10167,38,48.59,15,,
10177,40,50.23,6,,
10185,28,64.43,6,,
10197,42,50.23,12,,
10208,42,63.88,6,,
10222,36,63.34,18,,
10232,24,49.69,3,,
10248,23,65.52,9,,
10261,29,50.78,7,,
10273,37,45.86,10,,
10283,33,51.32,12,,
10293,32,60.06,1,,
10306,35,59.51,6,,
10315,40,55.69,5,,
10327,37,86.74,4,,
10337,42,97.16,5,,
10350,20,100,15,,
10373,29,100,1,,
10386,43,100,4,,
10397,34,62.24,1,,
10414,47,65.52,9,,
